-- phpMyAdmin SQL Dump
-- version 5.2.0
-- https://www.phpmyadmin.net/
--
-- Host: 127.0.0.1
-- Generation Time: Dec 18, 2022 at 07:52 AM
-- Server version: 10.4.25-MariaDB
-- PHP Version: 8.1.10

SET SQL_MODE = "NO_AUTO_VALUE_ON_ZERO";
START TRANSACTION;
SET time_zone = "+00:00";


/*!40101 SET @OLD_CHARACTER_SET_CLIENT=@@CHARACTER_SET_CLIENT */;
/*!40101 SET @OLD_CHARACTER_SET_RESULTS=@@CHARACTER_SET_RESULTS */;
/*!40101 SET @OLD_COLLATION_CONNECTION=@@COLLATION_CONNECTION */;
/*!40101 SET NAMES utf8mb4 */;

--
-- Database: `eas_db`
--

-- --------------------------------------------------------

--
-- Table structure for table `attendance`
--

CREATE TABLE `attendance` (
  `id` int(11) NOT NULL,
  `username` char(6) NOT NULL,
  `employee_id` int(3) UNSIGNED ZEROFILL NOT NULL,
  `department_id` char(3) NOT NULL,
  `shift_id` int(1) NOT NULL,
  `location_id` int(1) NOT NULL,
  `in_time` int(11) NOT NULL,
  `notes` varchar(120) NOT NULL,
  `image` varchar(50) NOT NULL,
  `lack_of` varchar(11) NOT NULL,
  `in_status` varchar(15) NOT NULL,
  `out_time` int(11) NOT NULL,
  `out_status` varchar(15) NOT NULL
) ENGINE=InnoDB DEFAULT CHARSET=latin1;

--
-- Dumping data for table `attendance`
--

INSERT INTO `attendance` (`id`, `username`, `employee_id`, `department_id`, `shift_id`, `location_id`, `in_time`, `notes`, `image`, `lack_of`, `in_status`, `out_time`, `out_status`) VALUES
(45, 'ADM011', 011, 'ADM', 1, 1, 1589178316, 'sdf', 'item-200511-8f5d7be1a1.jpg', 'None', 'Late', 1589178477, 'Early'),
(48, 'ADM011', 011, 'ADM', 1, 1, 1589381121, '', 'item-200513-ad6953a07e.jpg', 'Notes', 'Late', 1589381127, 'Over Time'),
(49, 'PCD010', 010, 'PCD', 2, 1, 1589384432, 'asdasd', '', 'None,image', 'Late', 1589384514, 'Over Time'),
(50, 'ADM011', 011, 'ADM', 1, 1, 1589391038, '', '', 'Notes,image', 'On Time', 1589391056, 'Early'),
(51, 'PCD010', 010, 'PCD', 3, 1, 1622553388, 'testing', 'item-210601-3946bb00df.png', 'None', 'Late', 1622553470, 'Over Time'),
(52, 'PCD010', 010, 'PCD', 3, 2, 1631893356, 'none', '', 'None,image', 'Late', 1631893413, 'Over Time'),
(53, 'STD026', 026, 'STD', 1, 1, 1631894335, 'none', '', 'None,image', 'Late', 1631894403, 'Over Time'),
(54, 'ADM011', 011, 'ADM', 1, 2, 1631894692, 'demo', '', 'None,image', 'Late', 1631894696, 'Over Time'),
(55, 'QCD027', 027, 'QCD', 6, 2, 1631499386, 'none..', '', 'None,image', 'Late', 1631529057, 'Early'),
(56, 'QCD027', 027, 'QCD', 6, 2, 1631583036, 'none', '', 'None,image', 'Late', 1631611849, 'Early'),
(58, 'QCD027', 027, 'QCD', 6, 1, 1631733350, 'none', '', 'None,image', 'Late', 1631797356, 'Early'),
(59, 'QCD027', 027, 'QCD', 6, 4, 1631863331, 'none', '', 'None,image', 'Late', 1631896539, 'Early'),
(60, 'QCD027', 027, 'QCD', 6, 1, 1631214919, 'none', '', 'None,image', 'Late', 1631250936, 'Over Time'),
(61, 'STD026', 026, 'STD', 1, 2, 1631493955, 'none', '', 'None,image', 'On Time', 1631523613, 'Over Time'),
(62, 'ADM011', 011, 'ADM', 1, 1, 1631584873, 'none', '', 'None,image', 'Late', 1631621603, 'Over Time'),
(63, 'QCD027', 027, 'QCD', 6, 2, 1632109417, 'this is a demo note!', '', 'None,image', 'Late', 1632109437, 'Early'),
(64, 'ACD002', 002, 'ACD', 2, 3, 1632109840, 'demo demo', '', 'None,image', 'On Time', 1632109845, 'Early'),
(65, 'STD026', 026, 'STD', 1, 2, 1632109903, 'test', '', 'None,image', 'Late', 1632109905, 'Early'),
(66, 'ITD028', 028, 'ITD', 7, 7, 1654738570, 'Sample Time-In', 'item-220609-6dc7d7e8fe.png', 'None', 'On Time', 1654738629, 'Early'),
(71, 'HRD030', 030, 'HRD', 7, 7, 1654756719, 'Sample Note only', 'item-220609-496d1ceffe.png', 'None', 'Late', 0, ''),
(72, 'HRD001', 001, 'HRD', 7, 2, 1670774610, 'masuk hari kerja, tepat waktu', '', 'None,image', 'On Time', 0, ''),
(73, 'ACD034', 034, 'ACD', 1, 2, 1670850786, 'Datang Tepat Waktu', '', 'None,image', 'Late', 1670850795, 'Over Time'),
(74, 'QCD032', 032, 'QCD', 3, 4, 1670850959, 'Masuk Kerja seperti biasa\r\nTidak ada laporan baru\r\n', '', 'None,image', 'Late', 1670851007, 'Over Time'),
(75, 'HRD035', 035, 'HRD', 5, 3, 1670851164, 'Mohon Maaf saya Telat karena Banjir di rumah', '', 'None,image', 'Late', 1670851613, 'Over Time'),
(76, 'STD036', 036, 'STD', 6, 6, 1670851310, 'Masuk Seperti Biasa\r\nMobil Truck Mitsubihsi B 97042 VCB mengalami kecelakaan di tol jagorawi.', '', 'None,image', 'Late', 1670851464, 'Over Time'),
(77, 'PLD033', 033, 'PLD', 7, 2, 1670851445, 'Masuk agak telat karena tadi ketiduran di bimba\r\nAda anak yang kejeledag karena petakilan', '', 'None,image', 'Late', 0, ''),
(78, 'PGA037', 037, 'PGA', 1, 1, 1671065269, 'Follow up pembelian bahan baku\r\nMemproses PR\" yang pending', 'item-221215-b9a108d429.jpg', 'None', 'Late', 1671099824, 'Over Time'),
(82, 'FAC039', 039, 'FAC', 1, 1, 1671060376, 'Saldo awal hari ini : Rp. 1.321.059.439', 'item-221215-638ded7826.jpg', 'None', 'On Time', 1671098425, 'Over Time'),
(83, 'PWH038', 038, 'PWH', 1, 1, 1671062498, 'Sisa stok hari ini : 1.321.684\r\nPengiriman : 122.321', 'item-221215-7fe98302ed.jpg', 'None', 'Late', 1671102045, 'Over Time'),
(84, 'MTN040', 040, 'MTN', 2, 2, 1671102129, 'Lanjut pengerjaan perbaikan torren air di site A01 yang bocor', 'item-221215-6ab9dd8288.jpg', 'None', 'Late', 1671048080, 'Over Time');

-- --------------------------------------------------------

--
-- Table structure for table `department`
--

CREATE TABLE `department` (
  `id` char(3) NOT NULL,
  `name` varchar(50) NOT NULL
) ENGINE=InnoDB DEFAULT CHARSET=latin1;

--
-- Dumping data for table `department`
--

INSERT INTO `department` (`id`, `name`) VALUES
('FAC', 'FINANCE ACCOUNTING'),
('MTN', 'MAINTENANCE'),
('PGA', 'PURCHASING GENERAL AFFAIR'),
('PWH', 'PRODUCTION WAREHOUSE'),
('SCR', 'SECURITY');

-- --------------------------------------------------------

--
-- Table structure for table `employee`
--

CREATE TABLE `employee` (
  `id` int(3) UNSIGNED ZEROFILL NOT NULL,
  `name` varchar(50) NOT NULL,
  `email` varchar(128) NOT NULL,
  `gender` char(1) NOT NULL,
  `image` varchar(128) NOT NULL,
  `birth_date` date NOT NULL,
  `hire_date` date NOT NULL,
  `shift_id` int(1) NOT NULL
) ENGINE=InnoDB DEFAULT CHARSET=latin1;

--
-- Dumping data for table `employee`
--

INSERT INTO `employee` (`id`, `name`, `email`, `gender`, `image`, `birth_date`, `hire_date`, `shift_id`) VALUES
(025, 'Admin ', 'admin@admin.com', 'M', 'default.png', '0000-00-00', '0000-00-00', 0),
(037, 'Filemon Catur Pamungkas', 'felixzpro@gmail.com', 'M', 'item-221218-f50dc0b9eb.jpg', '1999-11-24', '2019-02-01', 1),
(038, 'Rifki Putra Harahap', 'rifki123@gmail.com', 'M', 'item-221218-12050e19f0.jpeg', '2001-02-13', '2020-10-21', 1),
(039, 'Nur Nadiyatul Amalia', 'Amel123@gmail.com', 'F', 'item-221218-9ce89b1611.jpeg', '2001-02-14', '2022-04-20', 1),
(040, 'Abdul Azis', 'azis123@gmail.com', 'M', 'item-221218-fbf8019ab1.jpeg', '2001-05-02', '2021-04-12', 2),
(041, 'Muhammad Akbar Giffari', 'akbar123@gmail.com', 'M', 'item-221218-2bacb261ae.jpeg', '2001-06-07', '2022-08-10', 3);

-- --------------------------------------------------------

--
-- Table structure for table `employee_department`
--

CREATE TABLE `employee_department` (
  `id` int(3) NOT NULL,
  `employee_id` int(3) UNSIGNED ZEROFILL NOT NULL,
  `department_id` char(3) NOT NULL
) ENGINE=InnoDB DEFAULT CHARSET=latin1;

--
-- Dumping data for table `employee_department`
--

INSERT INTO `employee_department` (`id`, `employee_id`, `department_id`) VALUES
(37, 037, 'PGA'),
(38, 038, 'PWH'),
(39, 039, 'FAC'),
(40, 040, 'MTN'),
(41, 041, 'SCR');

-- --------------------------------------------------------

--
-- Table structure for table `location`
--

CREATE TABLE `location` (
  `id` int(1) NOT NULL,
  `name` varchar(50) NOT NULL
) ENGINE=InnoDB DEFAULT CHARSET=latin1;

--
-- Dumping data for table `location`
--

INSERT INTO `location` (`id`, `name`) VALUES
(1, 'Office'),
(2, 'Factory Warehouse'),
(3, 'Home (WFH)');

-- --------------------------------------------------------

--
-- Table structure for table `shift`
--

CREATE TABLE `shift` (
  `id` int(1) NOT NULL,
  `start` time NOT NULL,
  `end` time NOT NULL
) ENGINE=InnoDB DEFAULT CHARSET=latin1;

--
-- Dumping data for table `shift`
--

INSERT INTO `shift` (`id`, `start`, `end`) VALUES
(1, '08:00:00', '17:00:00'),
(2, '17:00:00', '02:00:00'),
(3, '02:00:00', '11:00:00');

-- --------------------------------------------------------

--
-- Table structure for table `users`
--

CREATE TABLE `users` (
  `username` char(6) NOT NULL,
  `password` varchar(128) NOT NULL,
  `employee_id` int(3) UNSIGNED ZEROFILL NOT NULL,
  `role_id` int(1) NOT NULL
) ENGINE=InnoDB DEFAULT CHARSET=latin1;

--
-- Dumping data for table `users`
--

INSERT INTO `users` (`username`, `password`, `employee_id`, `role_id`) VALUES
('admin', '$2y$10$tG8hnh7w.yiJL7fjlRCmkuHBwi0QI6DHFXmc1s6X3cAFuw5pRfO/O', 025, 1),
('FAC039', '$2y$10$fTBwu6XeFrA5BRfK6BX0Q.yCkQoCe4NFhYSrDoutRm7ndidl4Ch5G', 039, 2),
('MTN040', '$2y$10$qR3W6uRGv1.bL.IJGHftvOgZYcvparM9XZQltMsBAm4wEXCx1Pmmi', 040, 2),
('PGA037', '$2y$10$DmdFz5Ty5LxhKRcd8LFZh..yE1nniK5m6zHZiyacXqMa6JP52c0Sy', 037, 2),
('PWH038', '$2y$10$Oy2OD3FM7amNeBaELxtSJuR0464JFh.J7hmNjqLA4wYvplazIyaoS', 038, 2);

-- --------------------------------------------------------

--
-- Table structure for table `user_access`
--

CREATE TABLE `user_access` (
  `id` int(2) NOT NULL,
  `role_id` int(1) NOT NULL,
  `menu_id` int(2) NOT NULL
) ENGINE=InnoDB DEFAULT CHARSET=latin1;

--
-- Dumping data for table `user_access`
--

INSERT INTO `user_access` (`id`, `role_id`, `menu_id`) VALUES
(1, 1, 1),
(2, 1, 2),
(3, 2, 3),
(4, 2, 4),
(5, 1, 5);

-- --------------------------------------------------------

--
-- Table structure for table `user_menu`
--

CREATE TABLE `user_menu` (
  `id` int(2) NOT NULL,
  `menu` varchar(20) NOT NULL
) ENGINE=InnoDB DEFAULT CHARSET=latin1;

--
-- Dumping data for table `user_menu`
--

INSERT INTO `user_menu` (`id`, `menu`) VALUES
(1, 'Admin'),
(2, 'Master'),
(3, 'Attendance'),
(4, 'Profile'),
(5, 'Report');

-- --------------------------------------------------------

--
-- Table structure for table `user_role`
--

CREATE TABLE `user_role` (
  `id` int(1) NOT NULL,
  `name` varchar(20) NOT NULL
) ENGINE=InnoDB DEFAULT CHARSET=latin1;

--
-- Dumping data for table `user_role`
--

INSERT INTO `user_role` (`id`, `name`) VALUES
(1, 'Admin'),
(2, 'Employee');

-- --------------------------------------------------------

--
-- Table structure for table `user_submenu`
--

CREATE TABLE `user_submenu` (
  `id` int(2) NOT NULL,
  `menu_id` int(2) NOT NULL,
  `title` varchar(20) NOT NULL,
  `url` varchar(50) NOT NULL,
  `icon` varchar(50) NOT NULL,
  `is_active` int(1) NOT NULL
) ENGINE=InnoDB DEFAULT CHARSET=latin1;

--
-- Dumping data for table `user_submenu`
--

INSERT INTO `user_submenu` (`id`, `menu_id`, `title`, `url`, `icon`, `is_active`) VALUES
(1, 1, 'Dashboard', 'admin', 'fas fa-fw fa-tachometer-alt', 1),
(2, 2, 'Department', 'master', 'fas fa-fw fa-building', 1),
(3, 2, 'Shift', 'master/shift', 'fas fa-fw fa-exchange-alt', 1),
(4, 2, 'Employee', 'master/employee', 'fas fa-fw fa-id-badge', 1),
(5, 2, 'Location', 'master/location', 'fas fa-fw fa-map-marker-alt', 1),
(6, 3, 'Attendance Form', 'attendance', 'fas fa-fw fa-clipboard-list', 1),
(7, 3, 'Statistics', 'attendance/stats', 'fas fa-fw fa-chart-pie', 0),
(8, 4, 'My Profile', 'profile', 'fas fa-fw fa-id-card', 1),
(9, 2, 'Users', 'master/users', 'fas fa-fw fa-users', 1),
(11, 5, 'Print Report', 'report', 'fas fa-fw fa-paste', 1),
(12, 3, 'History', 'attendance/history', 'fas fa-fw fa-th-list', 1);

--
-- Indexes for dumped tables
--

--
-- Indexes for table `attendance`
--
ALTER TABLE `attendance`
  ADD PRIMARY KEY (`id`),
  ADD KEY `username` (`username`),
  ADD KEY `employee_id` (`employee_id`),
  ADD KEY `department_id` (`department_id`),
  ADD KEY `shift_id` (`shift_id`),
  ADD KEY `location_id` (`location_id`);

--
-- Indexes for table `department`
--
ALTER TABLE `department`
  ADD PRIMARY KEY (`id`);

--
-- Indexes for table `employee`
--
ALTER TABLE `employee`
  ADD PRIMARY KEY (`id`),
  ADD KEY `shift_id_fk_e` (`shift_id`);

--
-- Indexes for table `employee_department`
--
ALTER TABLE `employee_department`
  ADD PRIMARY KEY (`id`),
  ADD KEY `employee_department_ibfk_1` (`employee_id`),
  ADD KEY `employee_department_ibfk_2` (`department_id`);

--
-- Indexes for table `location`
--
ALTER TABLE `location`
  ADD PRIMARY KEY (`id`);

--
-- Indexes for table `shift`
--
ALTER TABLE `shift`
  ADD PRIMARY KEY (`id`);

--
-- Indexes for table `users`
--
ALTER TABLE `users`
  ADD PRIMARY KEY (`username`),
  ADD KEY `employee_id` (`employee_id`),
  ADD KEY `role_id` (`role_id`);

--
-- Indexes for table `user_access`
--
ALTER TABLE `user_access`
  ADD PRIMARY KEY (`id`),
  ADD KEY `menu_id` (`menu_id`),
  ADD KEY `role_id` (`role_id`);

--
-- Indexes for table `user_menu`
--
ALTER TABLE `user_menu`
  ADD PRIMARY KEY (`id`);

--
-- Indexes for table `user_role`
--
ALTER TABLE `user_role`
  ADD PRIMARY KEY (`id`);

--
-- Indexes for table `user_submenu`
--
ALTER TABLE `user_submenu`
  ADD PRIMARY KEY (`id`),
  ADD KEY `menu_id` (`menu_id`);

--
-- AUTO_INCREMENT for dumped tables
--

--
-- AUTO_INCREMENT for table `attendance`
--
ALTER TABLE `attendance`
  MODIFY `id` int(11) NOT NULL AUTO_INCREMENT, AUTO_INCREMENT=85;

--
-- AUTO_INCREMENT for table `employee`
--
ALTER TABLE `employee`
  MODIFY `id` int(3) UNSIGNED ZEROFILL NOT NULL AUTO_INCREMENT, AUTO_INCREMENT=42;

--
-- AUTO_INCREMENT for table `employee_department`
--
ALTER TABLE `employee_department`
  MODIFY `id` int(3) NOT NULL AUTO_INCREMENT, AUTO_INCREMENT=42;

--
-- AUTO_INCREMENT for table `location`
--
ALTER TABLE `location`
  MODIFY `id` int(1) NOT NULL AUTO_INCREMENT, AUTO_INCREMENT=5;

--
-- AUTO_INCREMENT for table `shift`
--
ALTER TABLE `shift`
  MODIFY `id` int(1) NOT NULL AUTO_INCREMENT, AUTO_INCREMENT=4;

--
-- AUTO_INCREMENT for table `user_access`
--
ALTER TABLE `user_access`
  MODIFY `id` int(2) NOT NULL AUTO_INCREMENT, AUTO_INCREMENT=6;

--
-- AUTO_INCREMENT for table `user_menu`
--
ALTER TABLE `user_menu`
  MODIFY `id` int(2) NOT NULL AUTO_INCREMENT, AUTO_INCREMENT=6;

--
-- AUTO_INCREMENT for table `user_role`
--
ALTER TABLE `user_role`
  MODIFY `id` int(1) NOT NULL AUTO_INCREMENT, AUTO_INCREMENT=3;

--
-- AUTO_INCREMENT for table `user_submenu`
--
ALTER TABLE `user_submenu`
  MODIFY `id` int(2) NOT NULL AUTO_INCREMENT, AUTO_INCREMENT=13;

--
-- Constraints for dumped tables
--

--
-- Constraints for table `user_access`
--
ALTER TABLE `user_access`
  ADD CONSTRAINT `user_access_ibfk_1` FOREIGN KEY (`menu_id`) REFERENCES `user_menu` (`id`) ON UPDATE CASCADE,
  ADD CONSTRAINT `user_access_ibfk_2` FOREIGN KEY (`role_id`) REFERENCES `user_role` (`id`) ON UPDATE CASCADE;

--
-- Constraints for table `user_submenu`
--
ALTER TABLE `user_submenu`
  ADD CONSTRAINT `user_submenu_ibfk_1` FOREIGN KEY (`menu_id`) REFERENCES `user_menu` (`id`) ON UPDATE CASCADE;
COMMIT;

/*!40101 SET CHARACTER_SET_CLIENT=@OLD_CHARACTER_SET_CLIENT */;
/*!40101 SET CHARACTER_SET_RESULTS=@OLD_CHARACTER_SET_RESULTS */;
/*!40101 SET COLLATION_CONNECTION=@OLD_COLLATION_CONNECTION */;
